Nombre,Apellidos,Cedula,Direccion,Ciudad,Telefono
Claudia,Castro Zamora,37898563423,Carrera 10 #43-20 apto 302,Bogotá,3104583934
Jorge,Pérez López,345667335678,Carrera 13 #34-20,Bogotá,3003456945
Juan Manuel,Sánchez Lozano,1023443453,Carrera 25 #72-40,Bogotá,3144712446
Adrian Esteban,Garcia Ardila,70900356948,Carrera 54 # 10-40,Bogotá,313290662
Angela Sofia,Moreno Rodriguez,47767239440,Carrera 37 # 1-6,Bogotá,3138399609
Brayan Ricardo,Garcia Morales,43796477115,Carrera 80 # 4-6,Bogotá,3165066667
Daniela Paola,Beltran Saavedra,53923218705,Carrera 43 # 6-6,Bogotá,3177456453
David Leonardo,Gomez Macareno,73054416599,Carrera 62 # 3-2,Bogotá,3186516713
Diego Alejandro,Mateus Cruz,23315096499,Carrera 8 # 3-0,Bogotá,3171491989
Ericka Julieth,Torres Paez,29884097817,Carrera 23 # 7-9,Bogotá,3163656400
Esteban,Moreno Castillo,54660886741,Carrera 29 # 3-7,Bogotá,3149008683
Felipe Andres,Gutierrez Naranjo,52902541923,Carrera 44 # 5-6,Bogotá,318290102
Gustavo Andres,Mendez Hernandez,95169440034,Carrera 95 # 6-4,Bogotá,3174132664
Jose Carlos,Molano De Oro,33812783338,Carrera 29 # 9-1,Bogotá,3144596235
Jose Gabriel,Rubio Jojoa,16813871763,Carrera 42 # 5-2,Bogotá,3169890713
Juan Jose,Camacho Cala,15338887604,Carrera 67 # 3-3,Bogotá,31848681
Julio Andres,Mejia Vera,95933937634,Carrera 69 # 2-8,Bogotá,3169942848
Karen Juliana,Celis Buitrago,78647971330,Carrera 13 # 1-4,Bogotá,3192914301
Karol Valentina,Yate Vega,21571725585,Carrera 40 # 5-6,Bogotá,3112157013
Kevin Stid,Pelaez Nimsica,68686165189,Carrera 54 # 5-4,Bogotá,3102310628
Leyder Fabian,Vera Quintero,54110617861,Carrera 0 # 1-7,Bogotá,3193299492
Maria Fernanda,Garces Cala,30367825533,Carrera 19 # 0-6,Bogotá,316760773
Miguel Santiago,Romero Estevez,42752076851,Carrera 89 # 0-4,Bogotá,3186853641
Nicolas,Miranda Moreno,88288425383,Carrera 22 # 5-7,Bogotá,3191571003
Nicolas,Duarte Ospina,8228310068,Carrera 89 # 8-6,Bogotá,3138380992
Nicolas Daniel,Peralta Sopo,95798097969,Carrera 71 # 7-6,Bogotá,3192624382
Santiago,Romero Pineda,85069441870,Carrera 19 # 9-8,Bogotá,3155321845
Sebastian,Pedraza Mancera,30932532295,Carrera 22 # 7-3,Bogotá,3161409222
Lopez,Lopez Mancera,2144908119,Carrera 23 # 67-6,Medellín,3161409222
Briam Daniel, Agudelo Mogollon, 2103319237, Carrera 15 # 22A - 53, Barranquilla, 8037101061
Santiago, Caro Duque, 6571731482, Calle 110 # 70 - 54, Cartagena, 8575275970
Abel Santiago, Cortes Avendaño, 7155731141, Calle 47 # 52B - 11, Barranquilla, 6631512767
Daniel, Fernandez Ulloa, 2303943219, Calle 67 # 52 - 27, Cartagena, 1782974703
Oscar Giovanni, Fonseca Neira, 3258566019, Carrera 14D # 32 - 05, Barranquilla, 2659810022
Rafael Salvador, Frieri Cabrera, 4996913308, Calle 29 # 75A - 20, Barranquilla, 4491990899
Pedro Humberto, Guerrero Infante, 2870377685, Calle 65 # 50D - 27, Cartagena, 1818916958
Diego Gustavo, Guevara Bernal, 6496451732, Calle 19 # 85 - 68, Cartagena, 1203604694
Felipe Andres, Gutierrez Naranjo, 7955897416, Carrera 39 # 100 - 12, Barranquilla, 8898990139
Juan Sebastian, Leon Suarez, 3122486575, Carrera 38 # 100 - 65, Barranquilla, 5506684755
Juan Pablo, Linares Ramirez, 6731725680, Carrera 38 # 81 - 12, Cartagena, 2635871636
Nicolas, Lopez Fernandez, 5848576852, Calle 107 # 9 - 70, Cartagena, 2268663494
Juan Felipe, Marin Florez, 9204970040, Calle 70 # 54 - 70, Barranquilla, 5484405035
Andres David, Mariño Sanchez, 1078151761, Calle 70 # 9 - 76, Cartagena, 8529520327
Alejandro, Mayorga Cortes, 5201359744, Carrera 62 # 10 - 20, Barranquilla, 1448701456
Daniel Andres, Mendoza Perez, 7120799822, Carrera 101 # 10 - 51, Cartagena, 9847957548
Andres Camilo, Muñoz Usama, 8402909745, Carrera 100 # 33 - 20, Cartagena, 8835063836
Juan Sebastian, Osorio Garcia, 4164715974, Carrera 74 # 60D - 21, Cartagena, 9860053643
Esteban Hernando, Pedraza Solano, 5908021822, Carrera 60 # 35 - 50, Barranquilla, 4652127060
Sergio, Posada Henao, 2393570463, Carrera 18 # 66 - 05, Cartagena, 8813858824
Juan Sebastian, Pulecio Romero, 5597761245, Carrera 111 # 60A - 87, Barranquilla, 1626992408
Camilo, Serrano Reyes, 6025555427, Carrera 98 # 107 Bis - 97, Cartagena, 5481489184









